"hora_corte","mpo_nombre","municipio","distrito","section","prioridad","prediccion","estatus_mov_corta"
14,"Agua Prieta",2,2,260003,"Media alta",32.7324080059349,"Dentro de lo esperado"
14,"Agua Prieta",2,2,260004,"Baja",33.7399713366433,"Arriba de lo esperado"
14,"Agua Prieta",2,2,260005,"Media baja",36.7650371113345,"Arriba de lo esperado"
14,"Agua Prieta",2,2,260006,"Media alta",35.9708344676143,"Abajo de lo esperado"
14,"Agua Prieta",2,2,260010,"Alta",33.8566647552394,"Dentro de lo esperado"
14,"Agua Prieta",2,2,260011,"Media alta",31.0873228935743,"Dentro de lo esperado"
14,"Agua Prieta",2,2,260012,"Media alta",34.7723082411386,"Arriba de lo esperado"
14,"Agua Prieta",2,2,260013,"Media baja",34.752693711836,"Arriba de lo esperado"
14,"Agua Prieta",2,2,260017,"Alta",22.220418710795,"Arriba de lo esperado"
14,"Agua Prieta",2,2,260019,"Alta",27.7432392222371,"Dentro de lo esperado"
14,"Agua Prieta",2,2,260020,"Alta",26.7583551320853,"Dentro de lo esperado"
14,"Agua Prieta",2,2,260021,"Alta",30.5852721434759,"Dentro de lo esperado"
14,"Agua Prieta",2,2,260022,"Alta",27.1716334708512,"Abajo de lo esperado"
14,"Agua Prieta",2,2,260023,"Alta",24.7656954518912,"Arriba de lo esperado"
14,"Agua Prieta",2,2,260024,"Alta",24.2366963080923,"Dentro de lo esperado"
14,"Agua Prieta",2,2,260025,"Alta",27.9134478166369,"Arriba de lo esperado"
14,"Agua Prieta",2,2,260032,"Baja",26.4098233204789,"Arriba de lo esperado"
14,"Altar",3,1,260034,"Media alta",25.9504407363224,"Dentro de lo esperado"
14,"Altar",3,1,260035,"Alta",29.0429913508753,"Abajo de lo esperado"
14,"Altar",3,1,260037,"Baja",20.0600741997856,"Abajo de lo esperado"
14,"Altar",3,1,261362,"Media baja",23.0853833769359,"Abajo de lo esperado"
14,"Altar",3,1,261363,"Media baja",22.7776146637511,"Dentro de lo esperado"
14,"Arizpe",5,2,260041,"Media baja",34.7633046874706,"Dentro de lo esperado"
14,"Arizpe",5,2,260042,"Media alta",36.9064567342891,"Arriba de lo esperado"
14,"Atil",6,1,260046,"Media alta",35.1367918452841,"Dentro de lo esperado"
14,"Banámichi",11,4,260056,"Media baja",33.6826247264755,"Abajo de lo esperado"
14,"Banámichi",11,4,260057,"Media baja",37.1794872417409,"Arriba de lo esperado"
14,"Benjamín Hill",14,4,260066,"Media alta",31.4028834171048,"Arriba de lo esperado"
14,"Benjamín Hill",14,4,260067,"Media baja",31.4868747855902,"Dentro de lo esperado"
14,"Benjamín Hill",14,4,260068,"Media alta",33.1580043049417,"Dentro de lo esperado"
14,"Cananea",15,2,260073,"Alta",34.5266172372457,"Abajo de lo esperado"
14,"Cananea",15,2,260074,"Alta",39.6191141980412,"Abajo de lo esperado"
14,"Cananea",15,2,260075,"Alta",35.3596200806698,"Arriba de lo esperado"
14,"Cananea",15,2,260081,"Media baja",40.9012548469139,"Arriba de lo esperado"
14,"Cananea",15,2,260083,"Alta",30.0326269593658,"Arriba de lo esperado"
14,"Cananea",15,2,260084,"Media alta",35.1783552729813,"Dentro de lo esperado"
14,"Cananea",15,2,260086,"Baja",33.4486305932157,"Dentro de lo esperado"
14,"Cananea",15,2,260087,"Baja",32.0687571564498,"Arriba de lo esperado"
14,"Cananea",15,2,260088,"Media baja",33.5256248269783,"Abajo de lo esperado"
14,"Huásabas",22,4,260109,"Media alta",36.5602875507112,"Dentro de lo esperado"
14,"Imuris",24,2,260112,"Media alta",25.9756265296725,"Abajo de lo esperado"
14,"Imuris",24,2,260113,"Alta",29.4540218592647,"Dentro de lo esperado"
14,"Imuris",24,2,260114,"Media baja",33.0599206586351,"Abajo de lo esperado"
14,"Imuris",24,2,260115,"Media alta",26.7136339791293,"Abajo de lo esperado"
14,"Imuris",24,2,260116,"Media alta",29.235976352839,"Dentro de lo esperado"
14,"Imuris",24,2,260117,"Baja",28.7903093442221,"Abajo de lo esperado"
14,"Imuris",24,2,260121,"Baja",30.0449583011183,"Dentro de lo esperado"
14,"Magdalena",25,2,260123,"Alta",27.0387731848776,"Dentro de lo esperado"
14,"Magdalena",25,2,260124,"Media baja",30.9627632679484,"Arriba de lo esperado"
14,"Magdalena",25,2,260126,"Alta",34.2761565558713,"Abajo de lo esperado"
14,"Magdalena",25,2,260127,"Media baja",35.5135076725214,"Arriba de lo esperado"
14,"Magdalena",25,2,260128,"Media alta",33.1068662478458,"Dentro de lo esperado"
14,"Magdalena",25,2,260129,"Media alta",29.7721198801934,"Dentro de lo esperado"
14,"Magdalena",25,2,260130,"Alta",28.6457328198496,"Abajo de lo esperado"
14,"Magdalena",25,2,260131,"Alta",32.1651939323993,"Dentro de lo esperado"
14,"Magdalena",25,2,260132,"Alta",37.0120991571682,"Abajo de lo esperado"
14,"Magdalena",25,2,260133,"Media alta",25.3702250902833,"Abajo de lo esperado"
14,"Magdalena",25,2,260135,"Baja",28.9779838356985,"Abajo de lo esperado"
14,"Magdalena",25,2,260136,"Media alta",29.1347743757128,"Abajo de lo esperado"
14,"Magdalena",25,2,260137,"Baja",26.1217946197555,"Dentro de lo esperado"
14,"Naco",27,2,260145,"Alta",26.1745969864762,"Dentro de lo esperado"
14,"Nacozari de García",29,4,260150,"Media baja",29.0732479618523,"Dentro de lo esperado"
14,"Nacozari de García",29,4,260153,"Media baja",35.0591723461221,"Arriba de lo esperado"
14,"Nacozari de García",29,4,260156,"Alta",30.4880011868033,"Arriba de lo esperado"
14,"Nogales",30,2,260167,"Media baja",26.6101297557259,"Abajo de lo esperado"
14,"Nogales",30,2,260183,"Media baja",37.7641177852902,"Abajo de lo esperado"
14,"Nogales",30,2,260184,"Media baja",36.2904918359322,"Dentro de lo esperado"
14,"Nogales",30,2,260187,"Alta",32.0446458253383,"Dentro de lo esperado"
14,"Nogales",30,2,260189,"Media baja",31.1488926128501,"Abajo de lo esperado"
14,"Nogales",30,2,260190,"Media baja",36.7873579079227,"Abajo de lo esperado"
14,"Nogales",30,2,260191,"Media baja",30.978100350742,"Dentro de lo esperado"
14,"Nogales",30,2,260195,"Media baja",33.1263586141105,"Abajo de lo esperado"
14,"Nogales",30,2,260196,"Media baja",34.6628544538379,"Abajo de lo esperado"
14,"Nogales",30,2,260197,"Baja",26.3231790204917,"Abajo de lo esperado"
14,"Nogales",30,2,260198,"Media baja",33.156083160908,"Abajo de lo esperado"
14,"Nogales",30,2,260200,"Media alta",38.6323960718572,"Abajo de lo esperado"
14,"Nogales",30,2,260201,"Media alta",35.0227869271909,"Dentro de lo esperado"
14,"Nogales",30,2,260202,"Media alta",36.7518356342388,"Abajo de lo esperado"
14,"Nogales",30,2,260206,"Alta",24.2443967732966,"Abajo de lo esperado"
14,"Nogales",30,2,260207,"Alta",30.3356951035107,"Arriba de lo esperado"
14,"Nogales",30,2,260210,"Media alta",33.9222101630406,"Arriba de lo esperado"
14,"Nogales",30,2,260211,"Media alta",34.0059056554241,"Dentro de lo esperado"
14,"Nogales",30,2,260212,"Media baja",41.0418962592568,"Abajo de lo esperado"
14,"Nogales",30,2,260213,"Media baja",35.1825879998707,"Dentro de lo esperado"
14,"Nogales",30,2,260216,"Alta",32.1452409099663,"Abajo de lo esperado"
14,"Nogales",30,2,260218,"Media alta",41.5634898738433,"Abajo de lo esperado"
14,"Nogales",30,2,260219,"Media baja",30.3828416739087,"Abajo de lo esperado"
14,"Nogales",30,2,260220,"Alta",29.0121554522525,"Arriba de lo esperado"
14,"Nogales",30,2,260221,"Alta",29.5364194563257,"Arriba de lo esperado"
14,"Nogales",30,2,260223,"Alta",27.7550621862683,"Abajo de lo esperado"
14,"Nogales",30,2,260229,"Media alta",29.0167137101798,"Abajo de lo esperado"
14,"Nogales",30,2,260231,"Media alta",29.822801439652,"Dentro de lo esperado"
14,"Nogales",30,2,261368,"Media baja",40.382358150839,"Dentro de lo esperado"
14,"Nogales",30,2,261369,"Media baja",26.869349704054,"Abajo de lo esperado"
14,"Nogales",30,2,261378,"Media alta",24.9512612383543,"Dentro de lo esperado"
14,"Nogales",30,2,261380,"Media baja",32.0751968653236,"Dentro de lo esperado"
14,"Nogales",30,2,261384,"Media baja",31.3456766353778,"Arriba de lo esperado"
14,"Nogales",30,2,261385,"Media alta",23.2776006003909,"Abajo de lo esperado"
14,"Nogales",30,2,261389,"Media baja",28.3712428840739,"Abajo de lo esperado"
14,"Nogales",30,2,261408,"Media baja",28.1574599750733,"Abajo de lo esperado"
14,"Nogales",30,2,261409,"Alta",23.8893611746132,"Abajo de lo esperado"
14,"Nogales",30,2,261429,"Media baja",27.8883422845506,"Abajo de lo esperado"
14,"Nogales",30,2,261437,"Media baja",32.3568526840031,"Abajo de lo esperado"
14,"Nogales",30,2,261438,"Media alta",17.4542096865681,"Abajo de lo esperado"
14,"Oquitoa",31,1,260232,"Media baja",33.3144845016698,"Dentro de lo esperado"
14,"Sahuaripa",32,4,260243,"Baja",21.8861897427552,"Dentro de lo esperado"
14,"Santa Ana",36,4,260252,"Media baja",38.9243033488785,"Abajo de lo esperado"
14,"Santa Ana",36,4,260253,"Media baja",38.9362349435721,"Abajo de lo esperado"
14,"Santa Ana",36,4,260254,"Media alta",32.8183858722197,"Arriba de lo esperado"
14,"Santa Ana",36,4,260255,"Alta",29.0196736336909,"Abajo de lo esperado"
14,"Santa Ana",36,4,260256,"Media alta",40.874681659453,"Dentro de lo esperado"
14,"Santa Ana",36,4,260260,"Media baja",29.8147871022286,"Arriba de lo esperado"
14,"Santa Ana",36,4,260262,"Media baja",29.295963974235,"Dentro de lo esperado"
14,"Santa Ana",36,4,260263,"Media baja",34.9129196214664,"Abajo de lo esperado"
14,"Trincheras",42,1,260278,"Media alta",32.7729064411421,"Dentro de lo esperado"
14,"Trincheras",42,1,260279,"Baja",23.477750322039,"Dentro de lo esperado"
14,"Tubutama",43,1,260281,"Baja",38.2158076182791,"Dentro de lo esperado"
14,"Caborca",46,1,260292,"Alta",26.3247323248199,"Dentro de lo esperado"
14,"Caborca",46,1,260294,"Alta",35.3433275239237,"Dentro de lo esperado"
14,"Caborca",46,1,260295,"Alta",24.3084228210503,"Abajo de lo esperado"
14,"Caborca",46,1,260296,"Alta",29.002626744617,"Abajo de lo esperado"
14,"Caborca",46,1,260298,"Alta",36.5107320425299,"Abajo de lo esperado"
14,"Caborca",46,1,260299,"Media baja",36.1619390035025,"Abajo de lo esperado"
14,"Caborca",46,1,260302,"Media baja",42.4129784198435,"Arriba de lo esperado"
14,"Caborca",46,1,260303,"Media alta",38.2381967106145,"Dentro de lo esperado"
14,"Caborca",46,1,260304,"Alta",26.0893153351166,"Dentro de lo esperado"
14,"Caborca",46,1,260305,"Media alta",33.4801389428312,"Dentro de lo esperado"
14,"Caborca",46,1,260309,"Media baja",35.8104374405539,"Dentro de lo esperado"
14,"Caborca",46,1,260310,"Media alta",36.6780003828742,"Dentro de lo esperado"
14,"Caborca",46,1,260311,"Media alta",29.1000989797545,"Dentro de lo esperado"
14,"Caborca",46,1,260315,"Media baja",27.9929123744928,"Dentro de lo esperado"
14,"Caborca",46,1,260319,"Alta",18.3428521132211,"Arriba de lo esperado"
14,"Caborca",46,1,260321,"Media baja",24.6736193424142,"Dentro de lo esperado"
14,"Caborca",46,1,260322,"Media alta",17.3221612427476,"Dentro de lo esperado"
14,"Caborca",46,1,260323,"Media baja",19.9086733346146,"Dentro de lo esperado"
14,"Caborca",46,1,260324,"Media baja",21.3172156258755,"Dentro de lo esperado"
14,"Caborca",46,1,260325,"Baja",13.0363591148663,"Dentro de lo esperado"
14,"Caborca",46,1,260326,"Media alta",19.7043203674512,"Dentro de lo esperado"
14,"Caborca",46,1,260327,"Media baja",29.9162087074499,"Abajo de lo esperado"
14,"Caborca",46,1,260328,"Media baja",13.8903180718271,"Dentro de lo esperado"
14,"Carbó",47,4,260329,"Alta",24.6269470862839,"Dentro de lo esperado"
14,"Carbó",47,4,260330,"Media baja",28.6636281108276,"Abajo de lo esperado"
14,"Hermosillo",49,3,260336,"Alta",24.7411304709497,"Abajo de lo esperado"
14,"Hermosillo",49,3,260337,"Alta",28.075768183259,"Abajo de lo esperado"
14,"Hermosillo",49,3,260338,"Alta",29.0295181030865,"Arriba de lo esperado"
14,"Hermosillo",49,3,260339,"Alta",30.6068123931611,"Arriba de lo esperado"
14,"Hermosillo",49,3,260342,"Alta",32.4610272297565,"Dentro de lo esperado"
14,"Hermosillo",49,3,260345,"Alta",35.5143576963491,"Arriba de lo esperado"
14,"Hermosillo",49,3,260351,"Alta",24.1164712404221,"Abajo de lo esperado"
14,"Hermosillo",49,3,260360,"Alta",36.7227025303003,"Arriba de lo esperado"
14,"Hermosillo",49,3,260361,"Media baja",34.22644934826,"Arriba de lo esperado"
14,"Hermosillo",49,3,260368,"Media baja",35.0676938685371,"Abajo de lo esperado"
14,"Hermosillo",49,3,260372,"Media alta",35.1068653952175,"Arriba de lo esperado"
14,"Hermosillo",49,3,260374,"Alta",26.6297880638394,"Arriba de lo esperado"
14,"Hermosillo",49,3,260376,"Alta",37.9987760084946,"Arriba de lo esperado"
14,"Hermosillo",49,3,260377,"Media alta",33.9277558981878,"Abajo de lo esperado"
14,"Hermosillo",49,3,260380,"Media alta",44.769469521744,"Arriba de lo esperado"
14,"Hermosillo",49,3,260381,"Media alta",38.7515188204473,"Arriba de lo esperado"
14,"Hermosillo",49,3,260384,"Alta",34.4351605920253,"Arriba de lo esperado"
14,"Hermosillo",49,3,260385,"Media alta",41.3111778046004,"Arriba de lo esperado"
14,"Hermosillo",49,3,260387,"Alta",40.5527866690514,"Arriba de lo esperado"
14,"Hermosillo",49,3,260390,"Alta",39.7675247402647,"Arriba de lo esperado"
14,"Hermosillo",49,3,260394,"Alta",41.4464651648349,"Abajo de lo esperado"
14,"Hermosillo",49,3,260395,"Media baja",42.5690484219237,"Arriba de lo esperado"
14,"Hermosillo",49,3,260396,"Media alta",34.4549836181863,"Abajo de lo esperado"
14,"Hermosillo",49,3,260398,"Media alta",37.7761551125446,"Arriba de lo esperado"
14,"Hermosillo",49,3,260402,"Alta",35.2636322497618,"Abajo de lo esperado"
14,"Hermosillo",49,3,260404,"Media alta",41.8340460707855,"Arriba de lo esperado"
14,"Hermosillo",49,3,260406,"Media alta",39.7115802606671,"Arriba de lo esperado"
14,"Hermosillo",49,3,260407,"Media baja",40.9038245650679,"Arriba de lo esperado"
14,"Hermosillo",49,3,260408,"Media alta",41.1790664545799,"Arriba de lo esperado"
14,"Hermosillo",49,3,260410,"Media alta",42.6096984594932,"Arriba de lo esperado"
14,"Hermosillo",49,3,260420,"Media alta",44.2213525619405,"Arriba de lo esperado"
14,"Hermosillo",49,3,260421,"Media alta",42.8962785911468,"Arriba de lo esperado"
14,"Hermosillo",49,3,260422,"Media baja",39.6804263784437,"Arriba de lo esperado"
14,"Hermosillo",49,3,260425,"Media alta",36.9283138501782,"Abajo de lo esperado"
14,"Hermosillo",49,3,260426,"Media alta",34.4204536968336,"Abajo de lo esperado"
14,"Hermosillo",49,3,260431,"Alta",38.1154699302414,"Arriba de lo esperado"
14,"Hermosillo",49,3,260437,"Media baja",38.9679406018686,"Abajo de lo esperado"
14,"Hermosillo",49,3,260447,"Media baja",36.1636875390078,"Arriba de lo esperado"
14,"Hermosillo",49,3,260448,"Alta",34.1242834920469,"Arriba de lo esperado"
14,"Hermosillo",49,3,260449,"Alta",37.6352740404369,"Abajo de lo esperado"
14,"Hermosillo",49,3,260590,"Alta",36.822382065398,"Abajo de lo esperado"
14,"Hermosillo",49,3,260591,"Baja",11.9038857990533,"Dentro de lo esperado"
14,"Hermosillo",49,3,260600,"Media baja",19.484236564736,"Dentro de lo esperado"
14,"Hermosillo",49,3,260604,"Alta",11.8469197432025,"Abajo de lo esperado"
14,"Hermosillo",49,3,260605,"Alta",15.9249566384489,"Abajo de lo esperado"
14,"Hermosillo",49,3,261332,"Alta",24.3472620629622,"Dentro de lo esperado"
14,"Hermosillo",49,3,261333,"Alta",28.7489532365295,"Abajo de lo esperado"
14,"Hermosillo",49,3,261336,"Media alta",26.7085583362903,"Abajo de lo esperado"
14,"Hermosillo",49,3,261338,"Media alta",23.1907247349516,"Dentro de lo esperado"
14,"Hermosillo",49,3,261343,"Alta",31.6677108372694,"Abajo de lo esperado"
14,"Hermosillo",49,3,261346,"Alta",30.6155660675547,"Dentro de lo esperado"
14,"Hermosillo",49,3,261348,"Media baja",21.8914717930765,"Dentro de lo esperado"
14,"Hermosillo",49,3,261349,"Media baja",24.8550757728877,"Abajo de lo esperado"
14,"Hermosillo",49,3,261354,"Media baja",19.9839347768087,"Arriba de lo esperado"
14,"Hermosillo",49,3,261357,"Media baja",17.3714317873465,"Dentro de lo esperado"
14,"Hermosillo",49,3,261358,"Media baja",23.4484756108383,"Dentro de lo esperado"
14,"Hermosillo",49,3,261360,"Media alta",32.193601376974,"Abajo de lo esperado"
14,"Hermosillo",49,3,261442,"Alta",30.8486378715895,"Arriba de lo esperado"
14,"Hermosillo",49,3,261443,"Media alta",35.2466096379738,"Arriba de lo esperado"
14,"Hermosillo",49,3,261444,"Media baja",22.4958447690119,"Abajo de lo esperado"
14,"Hermosillo",49,3,261451,"Baja",32.966053510472,"Dentro de lo esperado"
14,"Hermosillo",49,3,261453,"Baja",25.1154696170889,"Arriba de lo esperado"
14,"Hermosillo",49,3,261460,"Baja",19.9896185692839,"Dentro de lo esperado"
14,"Hermosillo",49,3,261461,"Media baja",39.1352631477461,"Arriba de lo esperado"
14,"Hermosillo",49,3,261464,"Baja",24.8963491045593,"Dentro de lo esperado"
14,"Hermosillo",49,3,261465,"Baja",28.5115618098828,"Dentro de lo esperado"
14,"Hermosillo",49,3,261469,"Media baja",34.686483832892,"Abajo de lo esperado"
14,"Hermosillo",49,3,261474,"Media baja",39.0791302728744,"Arriba de lo esperado"
14,"Hermosillo",49,3,261482,"Media baja",33.8462927287584,"Dentro de lo esperado"
14,"Hermosillo",49,3,261486,"Baja",40.4384526846202,"Arriba de lo esperado"
14,"Hermosillo",49,3,261489,"Media baja",35.3962128384703,"Arriba de lo esperado"
14,"Hermosillo",49,3,261492,"Media baja",36.4152844197644,"Dentro de lo esperado"
14,"Hermosillo",49,3,261494,"Baja",18.0241852187138,"Dentro de lo esperado"
14,"Hermosillo",49,3,261496,"Media baja",22.0747351133276,"Dentro de lo esperado"
14,"Hermosillo",49,3,261502,"Baja",31.2976734755947,"Arriba de lo esperado"
14,"Hermosillo",49,3,261503,"Media baja",33.8895018388825,"Dentro de lo esperado"
14,"Hermosillo",49,3,261504,"Media baja",40.3828981733235,"Abajo de lo esperado"
14,"Hermosillo",49,3,261505,"Baja",36.9717820020866,"Arriba de lo esperado"
14,"Hermosillo",49,3,261506,"Baja",34.741603733922,"Arriba de lo esperado"
14,"Hermosillo",49,3,261507,"Media baja",44.3594947318211,"Arriba de lo esperado"
14,"Hermosillo",49,3,261508,"Baja",46.0410958980998,"Arriba de lo esperado"
14,"Hermosillo",49,3,261510,"Media alta",43.1013698716182,"Abajo de lo esperado"
14,"Hermosillo",49,3,261512,"Baja",44.8285638250405,"Abajo de lo esperado"
14,"Hermosillo",49,5,260341,"Alta",34.3692858796138,"Arriba de lo esperado"
14,"Hermosillo",49,5,260344,"Alta",45.5777793162985,"Arriba de lo esperado"
14,"Hermosillo",49,5,260412,"Media alta",43.7876299641466,"Arriba de lo esperado"
14,"Hermosillo",49,5,260413,"Alta",41.9551277496193,"Abajo de lo esperado"
14,"Hermosillo",49,5,260415,"Alta",21.3253743433862,"Abajo de lo esperado"
14,"Hermosillo",49,5,260416,"Media baja",38.0750035189532,"Dentro de lo esperado"
14,"Hermosillo",49,5,260417,"Media baja",43.652819107096,"Dentro de lo esperado"
14,"Hermosillo",49,5,260418,"Media alta",44.7965228434786,"Dentro de lo esperado"
14,"Hermosillo",49,5,260419,"Media alta",45.3475058934598,"Arriba de lo esperado"
14,"Hermosillo",49,5,260439,"Alta",46.5097560531068,"Dentro de lo esperado"
14,"Hermosillo",49,5,260440,"Media baja",45.8893704348007,"Arriba de lo esperado"
14,"Hermosillo",49,5,260450,"Media alta",34.8759014546246,"Abajo de lo esperado"
14,"Hermosillo",49,5,260451,"Alta",38.4368537323366,"Arriba de lo esperado"
14,"Hermosillo",49,5,260453,"Media baja",39.5635515304698,"Dentro de lo esperado"
14,"Hermosillo",49,5,260456,"Media alta",40.0688065258475,"Abajo de lo esperado"
14,"Hermosillo",49,5,260457,"Media baja",42.2227997360448,"Arriba de lo esperado"
14,"Hermosillo",49,5,260458,"Media baja",40.134317329513,"Abajo de lo esperado"
14,"Hermosillo",49,5,260461,"Media baja",43.6629383401559,"Arriba de lo esperado"
14,"Hermosillo",49,5,260462,"Media baja",43.2983905493787,"Arriba de lo esperado"
14,"Hermosillo",49,5,260463,"Media alta",36.7211413642484,"Abajo de lo esperado"
14,"Hermosillo",49,5,260464,"Media alta",35.1769781809429,"Abajo de lo esperado"
14,"Hermosillo",49,5,260465,"Media alta",39.5331145655018,"Arriba de lo esperado"
14,"Hermosillo",49,5,260468,"Media alta",38.8143013728099,"Dentro de lo esperado"
14,"Hermosillo",49,5,260469,"Media baja",42.7879862355686,"Arriba de lo esperado"
14,"Hermosillo",49,5,260470,"Media baja",40.5628953474933,"Abajo de lo esperado"
14,"Hermosillo",49,5,260471,"Media alta",42.7419743398518,"Arriba de lo esperado"
14,"Hermosillo",49,5,260472,"Media alta",47.7540831740315,"Arriba de lo esperado"
14,"Hermosillo",49,5,260473,"Media alta",44.9118067574345,"Abajo de lo esperado"
14,"Hermosillo",49,5,260474,"Alta",45.1452845074993,"Arriba de lo esperado"
14,"Hermosillo",49,5,260475,"Media alta",48.3953994803763,"Arriba de lo esperado"
14,"Hermosillo",49,5,260476,"Media alta",47.6559350654447,"Arriba de lo esperado"
14,"Hermosillo",49,5,260477,"Media alta",45.4979792279519,"Arriba de lo esperado"
14,"Hermosillo",49,5,260478,"Media baja",42.5947194395609,"Arriba de lo esperado"
14,"Hermosillo",49,5,260484,"Media alta",28.5659441032144,"Arriba de lo esperado"
14,"Hermosillo",49,5,260485,"Media baja",27.8107519329926,"Dentro de lo esperado"
14,"Hermosillo",49,5,260487,"Media alta",29.3511085129289,"Dentro de lo esperado"
14,"Hermosillo",49,5,260492,"Media baja",36.0086859519499,"Arriba de lo esperado"
14,"Hermosillo",49,5,260493,"Media baja",43.4908258439651,"Dentro de lo esperado"
14,"Hermosillo",49,5,260494,"Media baja",38.4297992345429,"Arriba de lo esperado"
14,"Hermosillo",49,5,260495,"Media baja",33.7924562168177,"Arriba de lo esperado"
14,"Hermosillo",49,5,260496,"Media alta",29.3404133770271,"Arriba de lo esperado"
14,"Hermosillo",49,5,260497,"Media baja",30.6770112070981,"Arriba de lo esperado"
14,"Hermosillo",49,5,260498,"Media alta",40.2023755266027,"Arriba de lo esperado"
14,"Hermosillo",49,5,260499,"Alta",43.680923068911,"Abajo de lo esperado"
14,"Hermosillo",49,5,260500,"Media baja",44.1905741315345,"Arriba de lo esperado"
14,"Hermosillo",49,5,260503,"Media alta",44.8327701264771,"Arriba de lo esperado"
14,"Hermosillo",49,5,260504,"Media alta",46.3279648678131,"Arriba de lo esperado"
14,"Hermosillo",49,5,260505,"Media alta",46.3402247825265,"Dentro de lo esperado"
14,"Hermosillo",49,5,260506,"Media baja",48.2019069865668,"Arriba de lo esperado"
14,"Hermosillo",49,5,260510,"Alta",32.7504974022495,"Arriba de lo esperado"
14,"Hermosillo",49,5,260511,"Media baja",33.0480666134439,"Abajo de lo esperado"
14,"Hermosillo",49,5,260512,"Media alta",34.6313881526948,"Abajo de lo esperado"
14,"Hermosillo",49,5,260513,"Media alta",36.4125063820141,"Abajo de lo esperado"
14,"Hermosillo",49,5,260514,"Alta",33.1420090968834,"Arriba de lo esperado"
14,"Hermosillo",49,5,260518,"Media baja",47.1763757686952,"Arriba de lo esperado"
14,"Hermosillo",49,5,260523,"Media baja",35.1757055800997,"Dentro de lo esperado"
14,"Hermosillo",49,5,260524,"Alta",45.6747767944411,"Abajo de lo esperado"
14,"Hermosillo",49,5,260525,"Media alta",43.4327812608139,"Abajo de lo esperado"
14,"Hermosillo",49,5,260530,"Media baja",30.4487723599537,"Arriba de lo esperado"
14,"Hermosillo",49,5,260531,"Media alta",37.1817788545626,"Abajo de lo esperado"
14,"Hermosillo",49,5,260532,"Alta",38.2808022301867,"Abajo de lo esperado"
14,"Hermosillo",49,5,260533,"Alta",24.3112188511618,"Arriba de lo esperado"
14,"Hermosillo",49,5,260536,"Media alta",29.7688950571336,"Abajo de lo esperado"
14,"Hermosillo",49,5,260537,"Alta",41.1473992941027,"Abajo de lo esperado"
14,"Hermosillo",49,5,260538,"Media alta",42.434994528025,"Abajo de lo esperado"
14,"Hermosillo",49,5,260542,"Media baja",40.6492812347553,"Dentro de lo esperado"
14,"Hermosillo",49,5,260545,"Media alta",38.6831040587113,"Abajo de lo esperado"
14,"Hermosillo",49,5,260549,"Media baja",39.930718498758,"Dentro de lo esperado"
14,"Hermosillo",49,5,260550,"Media baja",37.5827797842158,"Dentro de lo esperado"
14,"Hermosillo",49,5,260551,"Media baja",36.5354316262247,"Abajo de lo esperado"
14,"Hermosillo",49,5,260556,"Media alta",34.9872875355134,"Abajo de lo esperado"
14,"Hermosillo",49,5,260558,"Alta",34.2029998339885,"Abajo de lo esperado"
14,"Hermosillo",49,5,260559,"Media alta",35.4858389566899,"Abajo de lo esperado"
14,"Hermosillo",49,5,260560,"Media baja",35.4708346177422,"Dentro de lo esperado"
14,"Hermosillo",49,5,260564,"Alta",32.6214380454173,"Abajo de lo esperado"
14,"Hermosillo",49,5,260565,"Alta",34.6624861898677,"Abajo de lo esperado"
14,"Hermosillo",49,5,260566,"Media baja",33.9932053489627,"Abajo de lo esperado"
14,"Hermosillo",49,5,260568,"Alta",25.2513335759786,"Abajo de lo esperado"
14,"Hermosillo",49,5,260571,"Alta",27.9006809818739,"Abajo de lo esperado"
14,"Hermosillo",49,5,260572,"Media baja",33.3356508734078,"Dentro de lo esperado"
14,"Hermosillo",49,5,260573,"Media baja",31.4230257329227,"Dentro de lo esperado"
14,"Hermosillo",49,5,260577,"Media alta",28.46824472796,"Abajo de lo esperado"
14,"Hermosillo",49,5,260579,"Media alta",38.0591031381005,"Dentro de lo esperado"
14,"Hermosillo",49,5,260586,"Media baja",20.6279480514336,"Abajo de lo esperado"
14,"Hermosillo",49,5,260589,"Alta",24.5515238234617,"Abajo de lo esperado"
14,"Hermosillo",49,5,260592,"Alta",28.4093153915124,"Dentro de lo esperado"
14,"Hermosillo",49,5,260593,"Media baja",31.5738429162327,"Arriba de lo esperado"
14,"Hermosillo",49,5,260606,"Media baja",18.7159821486292,"Dentro de lo esperado"
14,"Hermosillo",49,5,260611,"Baja",19.9236885191653,"Arriba de lo esperado"
14,"Hermosillo",49,5,261398,"Media alta",35.2491685704458,"Arriba de lo esperado"
14,"Hermosillo",49,5,261400,"Alta",35.5258049436475,"Abajo de lo esperado"
14,"Hermosillo",49,5,261404,"Media alta",25.8224599400979,"Abajo de lo esperado"
14,"Hermosillo",49,5,261405,"Media alta",27.3221189555414,"Dentro de lo esperado"
14,"Hermosillo",49,5,261406,"Media baja",19.5426511153008,"Abajo de lo esperado"
14,"Hermosillo",49,5,261407,"Baja",29.2159451770302,"Abajo de lo esperado"
14,"Hermosillo",49,5,261529,"Media baja",34.7114894191826,"Dentro de lo esperado"
14,"Hermosillo",49,5,261531,"Media baja",37.0427112800517,"Abajo de lo esperado"
14,"Hermosillo",49,5,261532,"Media baja",35.9969282072123,"Dentro de lo esperado"
14,"Hermosillo",49,5,261539,"Media alta",29.1770855957385,"Dentro de lo esperado"
14,"Hermosillo",49,5,261543,"Media baja",35.2672816649365,"Arriba de lo esperado"
14,"Hermosillo",49,5,261545,"Media baja",24.009364178882,"Dentro de lo esperado"
14,"Hermosillo",49,5,261547,"Media baja",26.9718096382946,"Dentro de lo esperado"
14,"Hermosillo",49,5,261549,"Media baja",35.0307113087367,"Abajo de lo esperado"
14,"Hermosillo",49,5,261550,"Alta",34.1949532465471,"Dentro de lo esperado"
14,"Hermosillo",49,5,261551,"Media alta",28.8377518462386,"Arriba de lo esperado"
14,"Hermosillo",49,5,261554,"Media alta",28.9386444316414,"Abajo de lo esperado"
14,"Hermosillo",49,5,261555,"Media alta",31.2219035772665,"Arriba de lo esperado"
14,"Opodepe",51,4,260622,"Baja",29.6422134849818,"Dentro de lo esperado"
14,"Pitiquito",52,1,260625,"Alta",30.0589350844933,"Dentro de lo esperado"
14,"Pitiquito",52,1,260626,"Media baja",35.3540760039182,"Dentro de lo esperado"
14,"Pitiquito",52,1,260629,"Media alta",26.4988492062065,"Arriba de lo esperado"
14,"Pitiquito",52,1,261366,"Media baja",18.6311688402844,"Dentro de lo esperado"
14,"Puerto Peñasco",53,1,260632,"Alta",26.8570430403126,"Dentro de lo esperado"
14,"Puerto Peñasco",53,1,260633,"Media alta",29.8035316826668,"Abajo de lo esperado"
14,"Puerto Peñasco",53,1,260634,"Alta",27.2425131382045,"Dentro de lo esperado"
14,"Puerto Peñasco",53,1,260635,"Media alta",30.778366903792,"Abajo de lo esperado"
14,"Puerto Peñasco",53,1,260638,"Alta",22.8287488462447,"Abajo de lo esperado"
14,"Puerto Peñasco",53,1,260639,"Media alta",29.2889878279049,"Abajo de lo esperado"
14,"Puerto Peñasco",53,1,260640,"Media alta",26.5090382535506,"Abajo de lo esperado"
14,"Puerto Peñasco",53,1,260648,"Media alta",23.9788727006266,"Abajo de lo esperado"
14,"Rayón",54,4,260649,"Media baja",34.4577894311214,"Dentro de lo esperado"
14,"San Luis Río Colorado",55,1,260652,"Media baja",25.6911859489616,"Dentro de lo esperado"
14,"San Luis Río Colorado",55,1,260653,"Baja",34.5385231354294,"Abajo de lo esperado"
14,"San Luis Río Colorado",55,1,260654,"Baja",28.3139791791787,"Abajo de lo esperado"
14,"San Luis Río Colorado",55,1,260655,"Media baja",32.4191746856732,"Abajo de lo esperado"
14,"San Luis Río Colorado",55,1,260656,"Media baja",36.4093424062458,"Dentro de lo esperado"
14,"San Luis Río Colorado",55,1,260657,"Media baja",41.2998578012313,"Abajo de lo esperado"
14,"San Luis Río Colorado",55,1,260658,"Media baja",34.5304162696627,"Abajo de lo esperado"
14,"San Luis Río Colorado",55,1,260659,"Alta",38.4124619061069,"Abajo de lo esperado"
14,"San Luis Río Colorado",55,1,260660,"Media baja",38.0561628166389,"Dentro de lo esperado"
14,"San Luis Río Colorado",55,1,260661,"Alta",23.9002835828407,"Abajo de lo esperado"
14,"San Luis Río Colorado",55,1,260682,"Baja",29.0122400557528,"Abajo de lo esperado"
14,"San Luis Río Colorado",55,1,260685,"Media alta",33.6452563082764,"Dentro de lo esperado"
14,"San Luis Río Colorado",55,1,260687,"Media baja",28.5788931400465,"Dentro de lo esperado"
14,"San Luis Río Colorado",55,1,260699,"Media baja",33.3329353812992,"Dentro de lo esperado"
14,"San Luis Río Colorado",55,1,260701,"Alta",31.9671805146488,"Abajo de lo esperado"
14,"San Luis Río Colorado",55,1,260705,"Media alta",34.2487789877513,"Arriba de lo esperado"
14,"San Luis Río Colorado",55,1,260706,"Media alta",35.8967753241725,"Arriba de lo esperado"
14,"San Luis Río Colorado",55,1,260713,"Media alta",31.0819850180008,"Arriba de lo esperado"
14,"San Luis Río Colorado",55,1,260722,"Media alta",31.7329900490793,"Arriba de lo esperado"
14,"San Luis Río Colorado",55,1,260724,"Alta",19.7101675666712,"Abajo de lo esperado"
14,"San Luis Río Colorado",55,1,260725,"Media baja",28.1179704159495,"Arriba de lo esperado"
14,"San Luis Río Colorado",55,1,260729,"Alta",17.884558428185,"Dentro de lo esperado"
14,"San Luis Río Colorado",55,1,260730,"Alta",23.2822625544545,"Arriba de lo esperado"
14,"San Luis Río Colorado",55,1,260732,"Alta",21.572285259276,"Dentro de lo esperado"
14,"San Luis Río Colorado",55,1,260733,"Media baja",23.0472536351295,"Dentro de lo esperado"
14,"San Luis Río Colorado",55,1,260734,"Media baja",26.5612264809568,"Dentro de lo esperado"
14,"San Luis Río Colorado",55,1,260738,"Media alta",18.6286600787276,"Dentro de lo esperado"
14,"San Luis Río Colorado",55,1,260741,"Alta",19.3381435806077,"Dentro de lo esperado"
14,"San Luis Río Colorado",55,1,260742,"Alta",15.6679804729455,"Dentro de lo esperado"
14,"San Miguel de Horcasitas",56,4,260743,"Media baja",32.8959802802052,"Dentro de lo esperado"
14,"Bácum",58,4,260763,"Media baja",30.1269914023872,"Dentro de lo esperado"
14,"Bácum",58,4,260764,"Media baja",29.1823962061877,"Dentro de lo esperado"
14,"Bácum",58,4,260768,"Alta",16.6183495688375,"Dentro de lo esperado"
14,"Bácum",58,4,260770,"Media baja",24.5647597395091,"Abajo de lo esperado"
14,"Cajeme",59,6,260773,"Media alta",38.9617494544033,"Abajo de lo esperado"
14,"Cajeme",59,6,260776,"Media baja",45.0746429947822,"Dentro de lo esperado"
14,"Cajeme",59,6,260777,"Alta",44.6376020465151,"Arriba de lo esperado"
14,"Cajeme",59,6,260782,"Media baja",25.7644111047013,"Dentro de lo esperado"
14,"Cajeme",59,6,260784,"Media baja",32.2026906620058,"Arriba de lo esperado"
14,"Cajeme",59,6,260785,"Media alta",23.8220881519985,"Dentro de lo esperado"
14,"Cajeme",59,6,260786,"Alta",30.7068241984029,"Dentro de lo esperado"
14,"Cajeme",59,6,260787,"Media alta",34.6330867444343,"Abajo de lo esperado"
14,"Cajeme",59,6,260791,"Media baja",37.0565821093974,"Arriba de lo esperado"
14,"Cajeme",59,6,260794,"Alta",28.2185664502065,"Dentro de lo esperado"
14,"Cajeme",59,6,260801,"Media baja",39.1715530348902,"Arriba de lo esperado"
14,"Cajeme",59,6,260804,"Media baja",44.4746951610163,"Arriba de lo esperado"
14,"Cajeme",59,6,260806,"Media alta",45.8782935402563,"Arriba de lo esperado"
14,"Cajeme",59,6,260807,"Alta",40.4609289740408,"Arriba de lo esperado"
14,"Cajeme",59,6,260808,"Alta",29.0513497334111,"Dentro de lo esperado"
14,"Cajeme",59,6,260809,"Media baja",36.106597740231,"Dentro de lo esperado"
14,"Cajeme",59,6,260820,"Media baja",37.284084791665,"Dentro de lo esperado"
14,"Cajeme",59,6,260826,"Media baja",40.4183660946112,"Abajo de lo esperado"
14,"Cajeme",59,6,260835,"Media baja",39.2574344443625,"Abajo de lo esperado"
14,"Cajeme",59,6,260837,"Media baja",33.9619257789143,"Dentro de lo esperado"
14,"Cajeme",59,6,260838,"Media baja",33.5047957009691,"Abajo de lo esperado"
14,"Cajeme",59,6,260839,"Media baja",43.5291985558738,"Arriba de lo esperado"
14,"Cajeme",59,6,260842,"Alta",41.3736093816262,"Abajo de lo esperado"
14,"Cajeme",59,6,260846,"Media alta",41.2505729110472,"Abajo de lo esperado"
14,"Cajeme",59,6,260848,"Media baja",36.0147546844246,"Dentro de lo esperado"
14,"Cajeme",59,6,260849,"Media alta",36.6630303928137,"Abajo de lo esperado"
14,"Cajeme",59,6,260850,"Media baja",42.9782731685677,"Arriba de lo esperado"
14,"Cajeme",59,6,260854,"Media baja",42.2356502326773,"Arriba de lo esperado"
14,"Cajeme",59,6,260859,"Media baja",36.0210033958178,"Abajo de lo esperado"
14,"Cajeme",59,6,260862,"Media alta",34.801085061087,"Dentro de lo esperado"
14,"Cajeme",59,6,260863,"Media baja",35.2754534231929,"Abajo de lo esperado"
14,"Cajeme",59,6,260869,"Alta",35.4114407606987,"Abajo de lo esperado"
14,"Cajeme",59,6,260880,"Media baja",34.4978106322236,"Dentro de lo esperado"
14,"Cajeme",59,6,260881,"Media alta",37.690957072199,"Arriba de lo esperado"
14,"Cajeme",59,6,260883,"Alta",33.4718809766342,"Abajo de lo esperado"
14,"Cajeme",59,6,260885,"Media baja",34.6029176598624,"Abajo de lo esperado"
14,"Cajeme",59,6,260886,"Media baja",37.401259863584,"Abajo de lo esperado"
14,"Cajeme",59,6,260887,"Alta",29.4498958651794,"Dentro de lo esperado"
14,"Cajeme",59,6,260888,"Alta",27.5128465577563,"Arriba de lo esperado"
14,"Cajeme",59,6,260894,"Media alta",38.0220328005925,"Dentro de lo esperado"
14,"Cajeme",59,6,260901,"Alta",32.3617262811794,"Arriba de lo esperado"
14,"Cajeme",59,6,260908,"Alta",34.4322140768539,"Arriba de lo esperado"
14,"Cajeme",59,6,260910,"Alta",29.8862731494741,"Dentro de lo esperado"
14,"Cajeme",59,6,260911,"Alta",26.063548554594,"Abajo de lo esperado"
14,"Cajeme",59,6,260912,"Alta",27.0304698118698,"Abajo de lo esperado"
14,"Cajeme",59,6,260914,"Media baja",34.9369938037738,"Dentro de lo esperado"
14,"Cajeme",59,6,260915,"Alta",26.1670889159093,"Dentro de lo esperado"
14,"Cajeme",59,6,260916,"Alta",25.794280449891,"Abajo de lo esperado"
14,"Cajeme",59,6,260917,"Media baja",37.8046856778378,"Dentro de lo esperado"
14,"Cajeme",59,6,260922,"Media alta",35.5629282948058,"Dentro de lo esperado"
14,"Cajeme",59,6,260925,"Media alta",40.9076971992493,"Arriba de lo esperado"
14,"Cajeme",59,6,260927,"Media baja",31.839848388944,"Dentro de lo esperado"
14,"Cajeme",59,6,260928,"Media alta",21.9463937079679,"Dentro de lo esperado"
14,"Cajeme",59,6,260929,"Media alta",36.4622946229132,"Abajo de lo esperado"
14,"Cajeme",59,6,260930,"Media alta",28.3816128869574,"Dentro de lo esperado"
14,"Cajeme",59,6,260936,"Alta",20.7135150413814,"Dentro de lo esperado"
14,"Cajeme",59,6,260937,"Media alta",31.6547345068457,"Abajo de lo esperado"
14,"Cajeme",59,6,260939,"Media alta",25.6029307167873,"Dentro de lo esperado"
14,"Cajeme",59,6,260940,"Media alta",32.9229978144671,"Arriba de lo esperado"
14,"Cajeme",59,6,260943,"Media alta",38.3889197331771,"Arriba de lo esperado"
14,"Cajeme",59,6,260945,"Alta",24.2243140447636,"Abajo de lo esperado"
14,"Cajeme",59,6,260950,"Media baja",37.8139739474908,"Dentro de lo esperado"
14,"Cajeme",59,6,260951,"Alta",28.4316312805591,"Abajo de lo esperado"
14,"Cajeme",59,6,260952,"Media alta",30.9928801733601,"Abajo de lo esperado"
14,"Cajeme",59,6,260954,"Media alta",33.4945163008593,"Abajo de lo esperado"
14,"Cajeme",59,6,260955,"Media baja",16.7782759576086,"Abajo de lo esperado"
14,"Cajeme",59,6,260956,"Alta",30.5287730147393,"Dentro de lo esperado"
14,"Cajeme",59,6,260957,"Media alta",32.4446147557456,"Arriba de lo esperado"
14,"Cajeme",59,6,260958,"Media alta",30.209141029352,"Arriba de lo esperado"
14,"Cajeme",59,6,260962,"Media baja",23.2968883715937,"Abajo de lo esperado"
14,"Cajeme",59,6,260963,"Media alta",15.3570922567099,"Dentro de lo esperado"
14,"Cajeme",59,6,260964,"Media alta",23.3906701538598,"Abajo de lo esperado"
14,"Cajeme",59,6,260966,"Alta",25.3254026701104,"Dentro de lo esperado"
14,"Cajeme",59,6,260967,"Media baja",24.87078639572,"Abajo de lo esperado"
14,"Cajeme",59,6,260968,"Media baja",27.4082407092779,"Abajo de lo esperado"
14,"Cajeme",59,6,260980,"Media baja",25.5821761618989,"Abajo de lo esperado"
14,"Cajeme",59,6,260988,"Baja",13.3449184209957,"Dentro de lo esperado"
14,"Empalme",60,4,260998,"Baja",28.9092985415553,"Abajo de lo esperado"
14,"Empalme",60,4,261007,"Media baja",35.0749145000734,"Arriba de lo esperado"
14,"Empalme",60,4,261011,"Baja",39.1365504932798,"Dentro de lo esperado"
14,"Empalme",60,4,261012,"Media baja",32.8736816820309,"Arriba de lo esperado"
14,"Empalme",60,4,261013,"Alta",30.0734771268987,"Abajo de lo esperado"
14,"Empalme",60,4,261014,"Media alta",34.8834198051926,"Abajo de lo esperado"
14,"Empalme",60,4,261015,"Alta",21.4320612442516,"Abajo de lo esperado"
14,"Empalme",60,4,261017,"Alta",24.5965661667082,"Dentro de lo esperado"
14,"Empalme",60,4,261020,"Media alta",20.4984616080527,"Dentro de lo esperado"
14,"Guaymas",61,4,261022,"Alta",30.1935843480938,"Abajo de lo esperado"
14,"Guaymas",61,4,261026,"Media baja",30.6656705215692,"Abajo de lo esperado"
14,"Guaymas",61,4,261027,"Media baja",34.4685665418605,"Abajo de lo esperado"
14,"Guaymas",61,4,261028,"Media alta",32.8075514841507,"Abajo de lo esperado"
14,"Guaymas",61,4,261031,"Media baja",23.6100928801421,"Abajo de lo esperado"
14,"Guaymas",61,4,261034,"Media alta",30.4693879510966,"Abajo de lo esperado"
14,"Guaymas",61,4,261039,"Media baja",34.8269655122929,"Abajo de lo esperado"
14,"Guaymas",61,4,261042,"Media alta",35.2995372842381,"Abajo de lo esperado"
14,"Guaymas",61,4,261043,"Alta",37.3508781763403,"Abajo de lo esperado"
14,"Guaymas",61,4,261046,"Media baja",31.8288410408118,"Abajo de lo esperado"
14,"Guaymas",61,4,261048,"Alta",36.995526274749,"Abajo de lo esperado"
14,"Guaymas",61,4,261082,"Alta",32.8215360151305,"Abajo de lo esperado"
14,"Guaymas",61,4,261083,"Media alta",23.7738591078937,"Abajo de lo esperado"
14,"Guaymas",61,4,261090,"Media alta",25.9777500559302,"Abajo de lo esperado"
14,"Guaymas",61,4,261092,"Media baja",12.0934492411331,"Dentro de lo esperado"
14,"Guaymas",61,4,261093,"Media alta",10.9178022237233,"Dentro de lo esperado"
14,"Guaymas",61,4,261094,"Media alta",23.6088067190583,"Abajo de lo esperado"
14,"Guaymas",61,4,261096,"Media baja",22.8075340694534,"Dentro de lo esperado"
14,"Guaymas",61,4,261524,"Media alta",30.7067196535443,"Dentro de lo esperado"
14,"Etchojoa",63,7,261139,"Media alta",35.4140416096027,"Dentro de lo esperado"
14,"Etchojoa",63,7,261140,"Alta",24.823644496444,"Dentro de lo esperado"
14,"Etchojoa",63,7,261141,"Alta",16.4862546997423,"Dentro de lo esperado"
14,"Etchojoa",63,7,261145,"Media alta",27.2006236369735,"Dentro de lo esperado"
14,"Etchojoa",63,7,261183,"Alta",13.1622860310286,"Arriba de lo esperado"
14,"Huatabampo",64,7,261189,"Alta",29.4360939115637,"Abajo de lo esperado"
14,"Huatabampo",64,7,261192,"Media alta",31.8011341384869,"Arriba de lo esperado"
14,"Huatabampo",64,7,261193,"Media baja",34.4965702358945,"Arriba de lo esperado"
14,"Huatabampo",64,7,261194,"Media alta",33.4360093934077,"Arriba de lo esperado"
14,"Huatabampo",64,7,261195,"Alta",26.5698746502879,"Arriba de lo esperado"
14,"Huatabampo",64,7,261197,"Media alta",30.9904511315695,"Arriba de lo esperado"
14,"Huatabampo",64,7,261198,"Alta",39.1802473667019,"Arriba de lo esperado"
14,"Huatabampo",64,7,261199,"Alta",34.955134645319,"Dentro de lo esperado"
14,"Huatabampo",64,7,261200,"Media baja",21.0932217751377,"Dentro de lo esperado"
14,"Huatabampo",64,7,261201,"Alta",22.9528270078452,"Dentro de lo esperado"
14,"Huatabampo",64,7,261202,"Media alta",29.0457050566597,"Dentro de lo esperado"
14,"Huatabampo",64,7,261203,"Alta",17.6126030345743,"Arriba de lo esperado"
14,"Huatabampo",64,7,261210,"Media alta",27.9659747424139,"Arriba de lo esperado"
14,"Huatabampo",64,7,261212,"Alta",25.0215005960047,"Arriba de lo esperado"
14,"Huatabampo",64,7,261217,"Alta",15.0567899735035,"Abajo de lo esperado"
14,"Huatabampo",64,7,261218,"Alta",20.0132102285276,"Dentro de lo esperado"
14,"Huatabampo",64,7,261219,"Media alta",18.189493962388,"Arriba de lo esperado"
14,"Huatabampo",64,7,261223,"Media baja",15.0661630006571,"Dentro de lo esperado"
14,"Huatabampo",64,7,261224,"Media baja",30.120419185901,"Arriba de lo esperado"
14,"Huatabampo",64,7,261226,"Media alta",25.3621138788287,"Arriba de lo esperado"
14,"Huatabampo",64,7,261229,"Alta",26.278268840082,"Abajo de lo esperado"
14,"Navojoa",65,7,261233,"Media baja",44.5682002291859,"Dentro de lo esperado"
14,"Navojoa",65,7,261234,"Alta",39.5729718486285,"Abajo de lo esperado"
14,"Navojoa",65,7,261238,"Media baja",33.8221961670013,"Abajo de lo esperado"
14,"Navojoa",65,7,261243,"Alta",27.2810805960817,"Arriba de lo esperado"
14,"Navojoa",65,7,261248,"Alta",41.6727034515409,"Abajo de lo esperado"
14,"Navojoa",65,7,261249,"Media alta",29.9105473692294,"Abajo de lo esperado"
14,"Navojoa",65,7,261254,"Media alta",40.466929766567,"Dentro de lo esperado"
14,"Navojoa",65,7,261255,"Media alta",38.8777179617431,"Abajo de lo esperado"
14,"Navojoa",65,7,261257,"Alta",33.0436394253345,"Dentro de lo esperado"
14,"Navojoa",65,7,261259,"Alta",26.1949497310593,"Dentro de lo esperado"
14,"Navojoa",65,7,261260,"Alta",30.2389005638728,"Abajo de lo esperado"
14,"Navojoa",65,7,261261,"Alta",31.6170701597404,"Dentro de lo esperado"
14,"Navojoa",65,7,261262,"Media alta",38.1136665444971,"Dentro de lo esperado"
14,"Navojoa",65,7,261263,"Alta",31.4421835498465,"Abajo de lo esperado"
14,"Navojoa",65,7,261265,"Alta",26.6278631152825,"Abajo de lo esperado"
14,"Navojoa",65,7,261266,"Media alta",30.2116371940259,"Abajo de lo esperado"
14,"Navojoa",65,7,261267,"Alta",24.9479756229421,"Arriba de lo esperado"
14,"Navojoa",65,7,261269,"Alta",40.8467607672882,"Arriba de lo esperado"
14,"Navojoa",65,7,261270,"Media alta",20.6448057526174,"Abajo de lo esperado"
14,"Navojoa",65,7,261272,"Media baja",24.1908746048279,"Arriba de lo esperado"
14,"Navojoa",65,7,261277,"Media alta",21.5625227020921,"Dentro de lo esperado"
14,"Navojoa",65,7,261279,"Media alta",20.7331707275498,"Arriba de lo esperado"
14,"Navojoa",65,7,261286,"Alta",14.5743304513185,"Dentro de lo esperado"
14,"Navojoa",65,7,261287,"Media alta",18.6003298167746,"Arriba de lo esperado"
14,"Navojoa",65,7,261289,"Alta",29.0120794373181,"Abajo de lo esperado"
14,"Navojoa",65,7,261293,"Media alta",24.851721442034,"Arriba de lo esperado"
14,"Navojoa",65,7,261295,"Media alta",16.8813514075986,"Arriba de lo esperado"
14,"Navojoa",65,7,261296,"Media alta",24.2092959691171,"Dentro de lo esperado"
14,"Navojoa",65,7,261299,"Media baja",25.0947378207715,"Dentro de lo esperado"
14,"Navojoa",65,7,261301,"Media baja",22.1529370339656,"Dentro de lo esperado"
14,"Navojoa",65,7,261303,"Alta",24.1584804178702,"Abajo de lo esperado"
14,"General Plutarco Elías Calles",70,1,261324,"Alta",24.16777266926,"Abajo de lo esperado"
14,"General Plutarco Elías Calles",70,1,261325,"Media alta",23.0338861021374,"Abajo de lo esperado"
14,"General Plutarco Elías Calles",70,1,261328,"Media baja",30.4183280113302,"Dentro de lo esperado"
14,"General Plutarco Elías Calles",70,1,261329,"Media alta",25.9699829649114,"Abajo de lo esperado"
14,"General Plutarco Elías Calles",70,1,261330,"Media baja",29.4437950973774,"Dentro de lo esperado"
14,"Benito Juárez",71,7,261149,"Media alta",32.9283601420376,"Dentro de lo esperado"
